{
  "Total" : {
    "transaction" : "Total",
    "sampleCount" : 200,
    "errorCount" : 0,
    "errorPct" : 0.0,
    "meanResTime" : 563.5750000000005,
    "medianResTime" : 451.0,
    "minResTime" : 381.0,
    "maxResTime" : 1380.0,
    "pct1ResTime" : 982.3000000000002,
    "pct2ResTime" : 1056.85,
    "pct3ResTime" : 1366.91,
    "throughput" : 3.585900240255316,
    "receivedKBytesPerSec" : 8.138312654641947,
    "sentKBytesPerSec" : 1.2466606304012622
  },
  "Get community posts" : {
    "transaction" : "Get community posts",
    "sampleCount" : 200,
    "errorCount" : 0,
    "errorPct" : 0.0,
    "meanResTime" : 563.5750000000005,
    "medianResTime" : 451.0,
    "minResTime" : 381.0,
    "maxResTime" : 1380.0,
    "pct1ResTime" : 982.3000000000002,
    "pct2ResTime" : 1056.85,
    "pct3ResTime" : 1366.91,
    "throughput" : 3.585900240255316,
    "receivedKBytesPerSec" : 8.138312654641947,
    "sentKBytesPerSec" : 1.2466606304012622
  }
}